[
{
    "model": "admin.logentry",
    "pk": 1,
    "fields": {
        "action_time": "2022-07-28T16:30:17.021Z",
        "user": 1,
        "content_type": 11,
        "object_id": "1",
        "object_repr": "1. Test Project : 2022-07-28",
        "action_flag": 1,
        "change_message": "[{\"added\": {}}]"
    }
},
{
    "model": "admin.logentry",
    "pk": 2,
    "fields": {
        "action_time": "2022-07-28T16:32:13.230Z",
        "user": 1,
        "content_type": 7,
        "object_id": "1",
        "object_repr": "New",
        "action_flag": 1,
        "change_message": "[{\"added\": {}}]"
    }
},
{
    "model": "admin.logentry",
    "pk": 3,
    "fields": {
        "action_time": "2022-07-28T16:32:17.695Z",
        "user": 1,
        "content_type": 7,
        "object_id": "2",
        "object_repr": "Close",
        "action_flag": 1,
        "change_message": "[{\"added\": {}}]"
    }
},
{
    "model": "admin.logentry",
    "pk": 4,
    "fields": {
        "action_time": "2022-07-28T16:32:21.470Z",
        "user": 1,
        "content_type": 7,
        "object_id": "3",
        "object_repr": "Done",
        "action_flag": 1,
        "change_message": "[{\"added\": {}}]"
    }
},
{
    "model": "admin.logentry",
    "pk": 5,
    "fields": {
        "action_time": "2022-07-28T16:32:25.510Z",
        "user": 1,
        "content_type": 7,
        "object_id": "4",
        "object_repr": "In Progress",
        "action_flag": 1,
        "change_message": "[{\"added\": {}}]"
    }
},
{
    "model": "admin.logentry",
    "pk": 6,
    "fields": {
        "action_time": "2022-07-28T16:32:32.600Z",
        "user": 1,
        "content_type": 9,
        "object_id": "1",
        "object_repr": "1. Краткое описание : In Progress",
        "action_flag": 1,
        "change_message": "[{\"added\": {}}]"
    }
},
{
    "model": "admin.logentry",
    "pk": 7,
    "fields": {
        "action_time": "2022-07-28T18:38:38.546Z",
        "user": 1,
        "content_type": 8,
        "object_id": "1",
        "object_repr": "Bug",
        "action_flag": 1,
        "change_message": "[{\"added\": {}}]"
    }
},
{
    "model": "admin.logentry",
    "pk": 8,
    "fields": {
        "action_time": "2022-07-28T18:38:47.916Z",
        "user": 1,
        "content_type": 8,
        "object_id": "2",
        "object_repr": "Enhancement",
        "action_flag": 1,
        "change_message": "[{\"added\": {}}]"
    }
},
{
    "model": "admin.logentry",
    "pk": 9,
    "fields": {
        "action_time": "2022-07-28T18:38:55.035Z",
        "user": 1,
        "content_type": 8,
        "object_id": "3",
        "object_repr": "Task",
        "action_flag": 1,
        "change_message": "[{\"added\": {}}]"
    }
},
{
    "model": "auth.permission",
    "pk": 1,
    "fields": {
        "name": "Can add log entry",
        "content_type": 1,
        "codename": "add_logentry"
    }
},
{
    "model": "auth.permission",
    "pk": 2,
    "fields": {
        "name": "Can change log entry",
        "content_type": 1,
        "codename": "change_logentry"
    }
},
{
    "model": "auth.permission",
    "pk": 3,
    "fields": {
        "name": "Can delete log entry",
        "content_type": 1,
        "codename": "delete_logentry"
    }
},
{
    "model": "auth.permission",
    "pk": 4,
    "fields": {
        "name": "Can view log entry",
        "content_type": 1,
        "codename": "view_logentry"
    }
},
{
    "model": "auth.permission",
    "pk": 5,
    "fields": {
        "name": "Can add permission",
        "content_type": 2,
        "codename": "add_permission"
    }
},
{
    "model": "auth.permission",
    "pk": 6,
    "fields": {
        "name": "Can change permission",
        "content_type": 2,
        "codename": "change_permission"
    }
},
{
    "model": "auth.permission",
    "pk": 7,
    "fields": {
        "name": "Can delete permission",
        "content_type": 2,
        "codename": "delete_permission"
    }
},
{
    "model": "auth.permission",
    "pk": 8,
    "fields": {
        "name": "Can view permission",
        "content_type": 2,
        "codename": "view_permission"
    }
},
{
    "model": "auth.permission",
    "pk": 9,
    "fields": {
        "name": "Can add group",
        "content_type": 3,
        "codename": "add_group"
    }
},
{
    "model": "auth.permission",
    "pk": 10,
    "fields": {
        "name": "Can change group",
        "content_type": 3,
        "codename": "change_group"
    }
},
{
    "model": "auth.permission",
    "pk": 11,
    "fields": {
        "name": "Can delete group",
        "content_type": 3,
        "codename": "delete_group"
    }
},
{
    "model": "auth.permission",
    "pk": 12,
    "fields": {
        "name": "Can view group",
        "content_type": 3,
        "codename": "view_group"
    }
},
{
    "model": "auth.permission",
    "pk": 13,
    "fields": {
        "name": "Can add user",
        "content_type": 4,
        "codename": "add_user"
    }
},
{
    "model": "auth.permission",
    "pk": 14,
    "fields": {
        "name": "Can change user",
        "content_type": 4,
        "codename": "change_user"
    }
},
{
    "model": "auth.permission",
    "pk": 15,
    "fields": {
        "name": "Can delete user",
        "content_type": 4,
        "codename": "delete_user"
    }
},
{
    "model": "auth.permission",
    "pk": 16,
    "fields": {
        "name": "Can view user",
        "content_type": 4,
        "codename": "view_user"
    }
},
{
    "model": "auth.permission",
    "pk": 17,
    "fields": {
        "name": "Can add content type",
        "content_type": 5,
        "codename": "add_contenttype"
    }
},
{
    "model": "auth.permission",
    "pk": 18,
    "fields": {
        "name": "Can change content type",
        "content_type": 5,
        "codename": "change_contenttype"
    }
},
{
    "model": "auth.permission",
    "pk": 19,
    "fields": {
        "name": "Can delete content type",
        "content_type": 5,
        "codename": "delete_contenttype"
    }
},
{
    "model": "auth.permission",
    "pk": 20,
    "fields": {
        "name": "Can view content type",
        "content_type": 5,
        "codename": "view_contenttype"
    }
},
{
    "model": "auth.permission",
    "pk": 21,
    "fields": {
        "name": "Can add session",
        "content_type": 6,
        "codename": "add_session"
    }
},
{
    "model": "auth.permission",
    "pk": 22,
    "fields": {
        "name": "Can change session",
        "content_type": 6,
        "codename": "change_session"
    }
},
{
    "model": "auth.permission",
    "pk": 23,
    "fields": {
        "name": "Can delete session",
        "content_type": 6,
        "codename": "delete_session"
    }
},
{
    "model": "auth.permission",
    "pk": 24,
    "fields": {
        "name": "Can view session",
        "content_type": 6,
        "codename": "view_session"
    }
},
{
    "model": "auth.permission",
    "pk": 25,
    "fields": {
        "name": "Can add Статус",
        "content_type": 7,
        "codename": "add_status"
    }
},
{
    "model": "auth.permission",
    "pk": 26,
    "fields": {
        "name": "Can change Статус",
        "content_type": 7,
        "codename": "change_status"
    }
},
{
    "model": "auth.permission",
    "pk": 27,
    "fields": {
        "name": "Can delete Статус",
        "content_type": 7,
        "codename": "delete_status"
    }
},
{
    "model": "auth.permission",
    "pk": 28,
    "fields": {
        "name": "Can view Статус",
        "content_type": 7,
        "codename": "view_status"
    }
},
{
    "model": "auth.permission",
    "pk": 29,
    "fields": {
        "name": "Can add Тип",
        "content_type": 8,
        "codename": "add_type"
    }
},
{
    "model": "auth.permission",
    "pk": 30,
    "fields": {
        "name": "Can change Тип",
        "content_type": 8,
        "codename": "change_type"
    }
},
{
    "model": "auth.permission",
    "pk": 31,
    "fields": {
        "name": "Can delete Тип",
        "content_type": 8,
        "codename": "delete_type"
    }
},
{
    "model": "auth.permission",
    "pk": 32,
    "fields": {
        "name": "Can view Тип",
        "content_type": 8,
        "codename": "view_type"
    }
},
{
    "model": "auth.permission",
    "pk": 33,
    "fields": {
        "name": "Can add Задача",
        "content_type": 9,
        "codename": "add_taskmodel"
    }
},
{
    "model": "auth.permission",
    "pk": 34,
    "fields": {
        "name": "Can change Задача",
        "content_type": 9,
        "codename": "change_taskmodel"
    }
},
{
    "model": "auth.permission",
    "pk": 35,
    "fields": {
        "name": "Can delete Задача",
        "content_type": 9,
        "codename": "delete_taskmodel"
    }
},
{
    "model": "auth.permission",
    "pk": 36,
    "fields": {
        "name": "Can view Задача",
        "content_type": 9,
        "codename": "view_taskmodel"
    }
},
{
    "model": "auth.permission",
    "pk": 37,
    "fields": {
        "name": "Can add task type",
        "content_type": 10,
        "codename": "add_tasktype"
    }
},
{
    "model": "auth.permission",
    "pk": 38,
    "fields": {
        "name": "Can change task type",
        "content_type": 10,
        "codename": "change_tasktype"
    }
},
{
    "model": "auth.permission",
    "pk": 39,
    "fields": {
        "name": "Can delete task type",
        "content_type": 10,
        "codename": "delete_tasktype"
    }
},
{
    "model": "auth.permission",
    "pk": 40,
    "fields": {
        "name": "Can view task type",
        "content_type": 10,
        "codename": "view_tasktype"
    }
},
{
    "model": "auth.permission",
    "pk": 41,
    "fields": {
        "name": "Can add Проект",
        "content_type": 11,
        "codename": "add_project"
    }
},
{
    "model": "auth.permission",
    "pk": 42,
    "fields": {
        "name": "Can change Проект",
        "content_type": 11,
        "codename": "change_project"
    }
},
{
    "model": "auth.permission",
    "pk": 43,
    "fields": {
        "name": "Can delete Проект",
        "content_type": 11,
        "codename": "delete_project"
    }
},
{
    "model": "auth.permission",
    "pk": 44,
    "fields": {
        "name": "Can view Проект",
        "content_type": 11,
        "codename": "view_project"
    }
},
{
    "model": "auth.user",
    "pk": 1,
    "fields": {
        "password": "pbkdf2_sha256$320000$50bNdCZKsEfr9lufgURZgd$4OnhiCYPiCy2hxPgtmAy9TRkma6Q8gcs2+CAA46l088=",
        "last_login": "2022-08-10T17:44:20.245Z",
        "is_superuser": true,
        "username": "admin",
        "first_name": "",
        "last_name": "",
        "email": "",
        "is_staff": true,
        "is_active": true,
        "date_joined": "2022-07-28T16:28:17.831Z",
        "groups": [],
        "user_permissions": []
    }
},
{
    "model": "auth.user",
    "pk": 2,
    "fields": {
        "password": "pbkdf2_sha256$320000$hmdoEZ3CwLtshYMUD4dq7W$E0Nn12FRfGPFah1E8cNWhDIyFZrqR7fq68J+CmWHX0I=",
        "last_login": "2022-08-09T16:59:55.427Z",
        "is_superuser": false,
        "username": "NewAdmin",
        "first_name": "as we",
        "last_name": "",
        "email": "qqq@mail.com",
        "is_staff": false,
        "is_active": true,
        "date_joined": "2022-08-09T16:59:55.338Z",
        "groups": [],
        "user_permissions": []
    }
},
{
    "model": "contenttypes.contenttype",
    "pk": 1,
    "fields": {
        "app_label": "admin",
        "model": "logentry"
    }
},
{
    "model": "contenttypes.contenttype",
    "pk": 2,
    "fields": {
        "app_label": "auth",
        "model": "permission"
    }
},
{
    "model": "contenttypes.contenttype",
    "pk": 3,
    "fields": {
        "app_label": "auth",
        "model": "group"
    }
},
{
    "model": "contenttypes.contenttype",
    "pk": 4,
    "fields": {
        "app_label": "auth",
        "model": "user"
    }
},
{
    "model": "contenttypes.contenttype",
    "pk": 5,
    "fields": {
        "app_label": "contenttypes",
        "model": "contenttype"
    }
},
{
    "model": "contenttypes.contenttype",
    "pk": 6,
    "fields": {
        "app_label": "sessions",
        "model": "session"
    }
},
{
    "model": "contenttypes.contenttype",
    "pk": 7,
    "fields": {
        "app_label": "TODO_list",
        "model": "status"
    }
},
{
    "model": "contenttypes.contenttype",
    "pk": 8,
    "fields": {
        "app_label": "TODO_list",
        "model": "type"
    }
},
{
    "model": "contenttypes.contenttype",
    "pk": 9,
    "fields": {
        "app_label": "TODO_list",
        "model": "taskmodel"
    }
},
{
    "model": "contenttypes.contenttype",
    "pk": 10,
    "fields": {
        "app_label": "TODO_list",
        "model": "tasktype"
    }
},
{
    "model": "contenttypes.contenttype",
    "pk": 11,
    "fields": {
        "app_label": "TODO_list",
        "model": "project"
    }
},
{
    "model": "sessions.session",
    "pk": "2ke3j77v3oudkkwamlwnsc7sv9dk6b8h",
    "fields": {
        "session_data": ".eJxVjMEOwiAQRP-FsyGlzcri0bvfQGB3kaqBpLQn479Lkx70OPPmzVv5sK3Zb00WP7O6KKNOv10M9JSyA36Ecq-aalmXOep9og_a9K2yvK7H9u8gh5a7jYlJAOIoMjp2Z-MmwpTMgJMgI_UnYwGmgYHRhtRjBMeUpGvsrPp8AQp0OT8:1oLpki:A8f4c_N9jcxcOT6CoEkFYSf8XItl9v2DKhVGED7ZsM8",
        "expire_date": "2022-08-24T17:44:20.250Z"
    }
},
{
    "model": "sessions.session",
    "pk": "9px0zyjs98tbit25l92erdifdbzked3t",
    "fields": {
        "session_data": ".eJxVjMEOwiAQRP-FsyGlzcri0bvfQGB3kaqBpLQn479Lkx70OPPmzVv5sK3Zb00WP7O6KKNOv10M9JSyA36Ecq-aalmXOep9og_a9K2yvK7H9u8gh5a7jYlJAOIoMjp2Z-MmwpTMgJMgI_UnYwGmgYHRhtRjBMeUpGvsrPp8AQp0OT8:1oK1Qh:J48v1aMmugqaZvjuaMTzA7pL-1Libx6QlhFCN5fOY-c",
        "expire_date": "2022-08-19T17:48:11.798Z"
    }
},
{
    "model": "sessions.session",
    "pk": "dal4tj3ocb6juasg3sc0whekk5vscbfn",
    "fields": {
        "session_data": ".eJxVjMEOwiAQRP-FsyGlzcri0bvfQGB3kaqBpLQn479Lkx70OPPmzVv5sK3Zb00WP7O6KKNOv10M9JSyA36Ecq-aalmXOep9og_a9K2yvK7H9u8gh5a7jYlJAOIoMjp2Z-MmwpTMgJMgI_UnYwGmgYHRhtRjBMeUpGvsrPp8AQp0OT8:1oH6NQ:CHXswljkgcBFZ23BuJ8P-EHl8zZQSyV8GN84OWk1qgk",
        "expire_date": "2022-08-11T16:28:44.552Z"
    }
},
{
    "model": "sessions.session",
    "pk": "p7p8s5fnwa3f0w231d0o0au9ans23hx3",
    "fields": {
        "session_data": ".eJxVjMEOwiAQRP-FsyGlzcri0bvfQGB3kaqBpLQn479Lkx70OPPmzVv5sK3Zb00WP7O6KKNOv10M9JSyA36Ecq-aalmXOep9og_a9K2yvK7H9u8gh5a7jYlJAOIoMjp2Z-MmwpTMgJMgI_UnYwGmgYHRhtRjBMeUpGvsrPp8AQp0OT8:1oLSsm:i7bD3bD_Y_xt2VvZ18vgnP3dBF7Dt4Qb6VyFJcyvvcI",
        "expire_date": "2022-08-23T17:19:08.584Z"
    }
},
{
    "model": "TODO_list.taskmodel",
    "pk": 1,
    "fields": {
        "created_at": "2022-07-28T16:32:32.599Z",
        "updated_at": "2022-07-28T19:02:15.938Z",
        "short_de": "Краткое описание",
        "description": "Описание Test Project",
        "status": 4,
        "project": 1
    }
},
{
    "model": "TODO_list.taskmodel",
    "pk": 2,
    "fields": {
        "created_at": "2022-07-28T18:42:01.512Z",
        "updated_at": "2022-08-10T17:52:30.281Z",
        "short_de": "New Task",
        "description": "description New Task",
        "status": 2,
        "project": 1
    }
},
{
    "model": "TODO_list.taskmodel",
    "pk": 3,
    "fields": {
        "created_at": "2022-08-09T17:18:09.660Z",
        "updated_at": "2022-08-09T17:18:09.660Z",
        "short_de": "мавтв",
        "description": "таптариевриеар",
        "status": 1,
        "project": 1
    }
},
{
    "model": "TODO_list.taskmodel",
    "pk": 4,
    "fields": {
        "created_at": "2022-08-09T17:18:09.684Z",
        "updated_at": "2022-08-09T17:18:09.684Z",
        "short_de": "мавтв",
        "description": "таптариевриеар",
        "status": 1,
        "project": 2
    }
},
{
    "model": "TODO_list.taskmodel",
    "pk": 5,
    "fields": {
        "created_at": "2022-08-10T14:24:11.639Z",
        "updated_at": "2022-08-10T14:24:11.639Z",
        "short_de": "описание задачи",
        "description": "полное опимание задачи",
        "status": 1,
        "project": 2
    }
},
{
    "model": "TODO_list.taskmodel",
    "pk": 6,
    "fields": {
        "created_at": "2022-08-10T14:24:11.654Z",
        "updated_at": "2022-08-10T14:24:11.654Z",
        "short_de": "описание задачи",
        "description": "полное опимание задачи",
        "status": 1,
        "project": 2
    }
},
{
    "model": "TODO_list.taskmodel",
    "pk": 7,
    "fields": {
        "created_at": "2022-08-10T14:31:06.348Z",
        "updated_at": "2022-08-10T14:31:06.348Z",
        "short_de": "иомиыа",
        "description": "аичаиваиваи",
        "status": 1,
        "project": 6
    }
},
{
    "model": "TODO_list.taskmodel",
    "pk": 9,
    "fields": {
        "created_at": "2022-08-10T14:37:04.757Z",
        "updated_at": "2022-08-10T14:37:04.757Z",
        "short_de": "мымы",
        "description": "аичаиачичаи",
        "status": 1,
        "project": 4
    }
},
{
    "model": "TODO_list.taskmodel",
    "pk": 10,
    "fields": {
        "created_at": "2022-08-10T14:37:04.769Z",
        "updated_at": "2022-08-10T14:37:04.769Z",
        "short_de": "мымы",
        "description": "аичаиачичаи",
        "status": 1,
        "project": 5
    }
},
{
    "model": "TODO_list.taskmodel",
    "pk": 11,
    "fields": {
        "created_at": "2022-08-10T14:38:33.714Z",
        "updated_at": "2022-08-10T14:38:33.714Z",
        "short_de": "свмывм",
        "description": "амчаиаипчии",
        "status": 1,
        "project": 5
    }
},
{
    "model": "TODO_list.taskmodel",
    "pk": 12,
    "fields": {
        "created_at": "2022-08-10T14:38:33.728Z",
        "updated_at": "2022-08-10T18:01:50.819Z",
        "short_de": "свмывм",
        "description": "амчаиаипчии",
        "status": 1,
        "project": 5
    }
},
{
    "model": "TODO_list.taskmodel",
    "pk": 13,
    "fields": {
        "created_at": "2022-08-10T14:41:31.855Z",
        "updated_at": "2022-08-10T14:41:31.855Z",
        "short_de": "мвичаи",
        "description": "аи чатпстпст пт",
        "status": 2,
        "project": 5
    }
},
{
    "model": "TODO_list.taskmodel",
    "pk": 14,
    "fields": {
        "created_at": "2022-08-10T14:41:31.868Z",
        "updated_at": "2022-08-10T14:41:31.868Z",
        "short_de": "мвичаи",
        "description": "аи чатпстпст пт",
        "status": 2,
        "project": 6
    }
},
{
    "model": "TODO_list.taskmodel",
    "pk": 17,
    "fields": {
        "created_at": "2022-08-10T15:39:27.362Z",
        "updated_at": "2022-08-10T15:39:27.362Z",
        "short_de": "задача проекта 1",
        "description": "описание задачи проекта 1",
        "status": 1,
        "project": 2
    }
},
{
    "model": "TODO_list.taskmodel",
    "pk": 19,
    "fields": {
        "created_at": "2022-08-10T15:48:45.413Z",
        "updated_at": "2022-08-10T15:48:45.413Z",
        "short_de": "nxgfnfgxnfxm",
        "description": "nnmxfgmghmg",
        "status": 1,
        "project": 1
    }
},
{
    "model": "TODO_list.taskmodel",
    "pk": 20,
    "fields": {
        "created_at": "2022-08-10T15:49:40.863Z",
        "updated_at": "2022-08-10T15:49:40.864Z",
        "short_de": "xfbx",
        "description": "f bnbcgv nhvm",
        "status": 2,
        "project": 4
    }
},
{
    "model": "TODO_list.taskmodel",
    "pk": 21,
    "fields": {
        "created_at": "2022-08-10T17:47:48.884Z",
        "updated_at": "2022-08-10T18:14:19.201Z",
        "short_de": "Снова задача",
        "description": "Описание новой задачи",
        "status": 1,
        "project": 2
    }
},
{
    "model": "TODO_list.project",
    "pk": 1,
    "fields": {
        "name_project": "Test Project",
        "project_de": "Test project description",
        "created_time": "2022-07-27",
        "updated_time": null
    }
},
{
    "model": "TODO_list.project",
    "pk": 2,
    "fields": {
        "name_project": "Test Project2",
        "project_de": "Description Test Project2",
        "created_time": "2022-03-15",
        "updated_time": null
    }
},
{
    "model": "TODO_list.project",
    "pk": 4,
    "fields": {
        "name_project": "new project 3",
        "project_de": "description 3",
        "created_time": "2022-02-16",
        "updated_time": null
    }
},
{
    "model": "TODO_list.project",
    "pk": 5,
    "fields": {
        "name_project": "Новый проект№",
        "project_de": "Описание проекта№1",
        "created_time": "2022-03-15",
        "updated_time": null
    }
},
{
    "model": "TODO_list.project",
    "pk": 6,
    "fields": {
        "name_project": "Какой то проект3",
        "project_de": "Описание какого то проекта",
        "created_time": "2022-02-15",
        "updated_time": null
    }
},
{
    "model": "TODO_list.project",
    "pk": 7,
    "fields": {
        "name_project": "Просто проект",
        "project_de": "Просто описание проекта",
        "created_time": "2023-03-01",
        "updated_time": null
    }
},
{
    "model": "TODO_list.tasktype",
    "pk": 2,
    "fields": {
        "task_name": 1,
        "type_name": 1
    }
},
{
    "model": "TODO_list.tasktype",
    "pk": 3,
    "fields": {
        "task_name": 3,
        "type_name": 2
    }
},
{
    "model": "TODO_list.tasktype",
    "pk": 4,
    "fields": {
        "task_name": 5,
        "type_name": 3
    }
},
{
    "model": "TODO_list.tasktype",
    "pk": 5,
    "fields": {
        "task_name": 7,
        "type_name": 2
    }
},
{
    "model": "TODO_list.tasktype",
    "pk": 6,
    "fields": {
        "task_name": 9,
        "type_name": 1
    }
},
{
    "model": "TODO_list.tasktype",
    "pk": 7,
    "fields": {
        "task_name": 11,
        "type_name": 1
    }
},
{
    "model": "TODO_list.tasktype",
    "pk": 8,
    "fields": {
        "task_name": 13,
        "type_name": 1
    }
},
{
    "model": "TODO_list.tasktype",
    "pk": 10,
    "fields": {
        "task_name": 17,
        "type_name": 1
    }
},
{
    "model": "TODO_list.tasktype",
    "pk": 12,
    "fields": {
        "task_name": 19,
        "type_name": 1
    }
},
{
    "model": "TODO_list.tasktype",
    "pk": 13,
    "fields": {
        "task_name": 20,
        "type_name": 1
    }
},
{
    "model": "TODO_list.tasktype",
    "pk": 17,
    "fields": {
        "task_name": 2,
        "type_name": 1
    }
},
{
    "model": "TODO_list.tasktype",
    "pk": 18,
    "fields": {
        "task_name": 21,
        "type_name": 1
    }
},
{
    "model": "TODO_list.tasktype",
    "pk": 20,
    "fields": {
        "task_name": 12,
        "type_name": 1
    }
},
{
    "model": "TODO_list.type",
    "pk": 1,
    "fields": {
        "created_at": "2022-07-28T18:38:38.545Z",
        "updated_at": "2022-07-28T18:38:38.545Z",
        "type": "Bug"
    }
},
{
    "model": "TODO_list.type",
    "pk": 2,
    "fields": {
        "created_at": "2022-07-28T18:38:47.915Z",
        "updated_at": "2022-07-28T18:38:47.915Z",
        "type": "Enhancement"
    }
},
{
    "model": "TODO_list.type",
    "pk": 3,
    "fields": {
        "created_at": "2022-07-28T18:38:55.034Z",
        "updated_at": "2022-07-28T18:38:55.034Z",
        "type": "Task"
    }
},
{
    "model": "TODO_list.status",
    "pk": 1,
    "fields": {
        "created_at": "2022-07-28T16:32:13.229Z",
        "updated_at": "2022-07-28T16:32:13.229Z",
        "status": "New"
    }
},
{
    "model": "TODO_list.status",
    "pk": 2,
    "fields": {
        "created_at": "2022-07-28T16:32:17.694Z",
        "updated_at": "2022-07-28T16:32:17.694Z",
        "status": "Close"
    }
},
{
    "model": "TODO_list.status",
    "pk": 3,
    "fields": {
        "created_at": "2022-07-28T16:32:21.469Z",
        "updated_at": "2022-07-28T16:32:21.469Z",
        "status": "Done"
    }
},
{
    "model": "TODO_list.status",
    "pk": 4,
    "fields": {
        "created_at": "2022-07-28T16:32:25.509Z",
        "updated_at": "2022-07-28T16:32:25.509Z",
        "status": "In Progress"
    }
}
]
